{
  "type": "ad_astra:nasa_workbench",
  "ingredients": [
    {
      "item": "ad_astra:rocket_nose_cone"
    },
    {
      "item": "ctnhcore:heavy_plate_t2"
    },
    {
      "item": "ctnhcore:heavy_plate_t2"
    },
    {
      "item": "ctnhcore:heavy_plate_t2"
    },
    {
      "item": "ctnhcore:heavy_plate_t2"
    },
    {
      "item": "ctnhcore:heavy_plate_t2"
    },
    {
      "item": "ctnhcore:heavy_plate_t2"
    },
    {
      "item": "ad_astra:rocket_fin"
    },
    {
      "item": "ctnhcore:heavy_plate_t2"
    },
    {
      "item": "ctnhcore:heavy_plate_t2"
    },
    {
      "item": "ad_astra:rocket_fin"
    },
    {
      "item": "ad_astra:rocket_fin"
    },
    {
      "item": "ad_astra:desh_engine"
    },
    {
      "item": "ad_astra:rocket_fin"
    }
  ],
  "result": {
    "count": 1,
    "id": "ad_astra:tier_2_rocket"
  }
}